query	target	fident	alnlen	mismatch	gapopen	qstart	qend	tstart	tend	evalue	bits
ARO:3000024	WP_049554487.1	0.286	505	358	0	62	564	74	578	2.521e-58	212
ARO:3000024	WP_100931730.1	0.283	480	341	0	85	564	98	573	9.531999999999999e-54	198
ARO:3000024	WP_048717443.1	0.272	569	409	0	2	564	7	575	1.091e-60	219
ARO:3000025	WP_049554487.1	0.318	496	333	0	85	580	84	573	2.086e-69	246
ARO:3000025	WP_048717443.1	0.308	485	332	0	96	580	90	570	9.718e-64	229
ARO:3000025	WP_100931730.1	0.26	489	358	0	96	584	88	572	4.629e-46	175
ARO:3000074	WP_063854500.1	0.288	305	216	0	19	323	31	334	3.046e-32	131
ARO:3000074	WP_015585966.1	0.278	326	233	0	14	337	21	346	1.701e-32	132
ARO:3000074	WP_052413892.1	0.266	400	291	0	17	416	29	426	4.217e-38	149
ARO:3000090	WP_087344360.1	0.718	252	71	0	56	307	47	298	8.006e-115	366
ARO:3000090	WP_003178584.1	0.681	253	80	0	55	307	49	301	1.013e-107	346
ARO:3000090	WP_065825670.1	0.65	251	88	0	56	306	45	295	2.387e-100	324
ARO:3000149	WP_023216493.1	0.648	136	46	0	1	133	1	136	1.731e-52	177
ARO:3000149	WP_204376246.1	0.617	133	51	0	1	133	1	133	1.0929999999999999e-47	163
ARO:3000149	WP_204376247.1	0.612	133	51	0	1	133	1	133	3.8669999999999997e-47	161
ARO:3000216	WP_063865552.1	0.414	1037	605	0	3	1036	5	1041	5.279999999999999e-233	745
ARO:3000216	WP_004149399.1	0.413	1037	606	0	3	1036	5	1041	4.656e-232	743
ARO:3000216	WP_063865408.1	0.412	1037	607	0	3	1036	5	1041	6.354e-232	742
ARO:3000217	WP_003328240.1	0.434	209	115	0	354	562	44	247	2.343e-42	164
ARO:3000217	WP_003235647.1	0.432	205	113	0	358	562	47	246	5.853999999999999e-41	159
ARO:3000217	WP_041816295.1	0.397	238	136	0	326	563	12	238	9.724e-43	165
ARO:3000254	WP_052413892.1	0.284	329	233	0	7	332	15	343	1.5890000000000002e-34	138
ARO:3000254	WP_015585966.1	0.261	330	241	0	21	347	24	353	7.635e-29	120
ARO:3000254	WP_063854500.1	0.228	399	304	0	23	417	31	429	1.3550000000000002e-26	113
ARO:3000343	WP_003896589.1	0.182	396	321	0	12	407	23	416	3.508e-13	69
ARO:3000361	WP_021566672.1	0.878	408	49	0	1	406	1	408	1.3270000000000001e-244	746
ARO:3000361	WP_032490534.1	0.877	408	50	0	1	406	1	408	3.415e-244	745
ARO:3000361	WP_015345560.1	0.27	368	268	0	28	395	31	398	1.805e-36	141
ARO:3000377	WP_002914189.1	0.282	359	244	0	21	361	24	382	6.216999999999999e-39	148
ARO:3000377	WP_004212918.1	0.282	359	244	0	21	361	24	382	6.216999999999999e-39	148
ARO:3000377	WP_063865358.1	0.282	359	244	0	21	361	24	382	6.216999999999999e-39	148
ARO:3000378	WP_004899982.1	0.421	1034	595	0	2	1030	4	1037	1.873e-238	761
ARO:3000378	WP_004149399.1	0.421	1034	595	0	2	1030	4	1037	3.489e-238	760
ARO:3000378	WP_063865408.1	0.42	1034	596	0	2	1030	4	1037	4.763e-238	760
ARO:3000391	WP_004856455.1	0.268	357	256	0	1	351	1	357	1.5070000000000002e-34	135
ARO:3000391	WP_032490168.1	0.241	352	261	0	12	356	12	363	1.739e-26	111
ARO:3000391	WP_064190967.1	0.24	372	277	0	18	383	43	414	2.71e-28	116
ARO:3000421	WP_052413892.1	0.231	378	289	0	35	412	50	426	6.584e-26	110
ARO:3000421	WP_015585966.1	0.211	412	322	0	1	409	10	421	1.5729999999999999e-22	100
ARO:3000421	WP_063855885.1	0.181	393	313	0	20	412	21	403	1.911e-12	67
ARO:3000462	WP_053138975.1	0.826	417	72	0	1	417	1	416	4.6999999999999996e-232	711
ARO:3000462	WP_063854495.1	0.82	396	71	0	20	415	5	400	1.072e-217	669
ARO:3000462	WP_030778152.1	0.458	412	214	0	22	416	12	423	1.9260000000000002e-104	342
ARO:3000491	WP_004149399.1	0.412	1033	603	0	2	1028	4	1036	6.859e-231	739
ARO:3000491	WP_063865408.1	0.412	1033	603	0	2	1028	4	1036	9.361e-231	738
ARO:3000491	WP_004899982.1	0.412	1033	603	0	2	1028	4	1036	1.278e-230	738
ARO:3000499	WP_063865358.1	0.32	359	242	0	20	376	23	381	8.179e-50	181
ARO:3000499	WP_002914189.1	0.319	359	242	0	20	376	23	381	1.113e-49	180
ARO:3000499	WP_004212918.1	0.319	359	242	0	20	376	23	381	1.113e-49	180
ARO:3000502	WP_063865552.1	0.414	1033	602	0	2	1030	4	1036	1.477e-232	743
ARO:3000502	WP_004149399.1	0.413	1033	603	0	2	1030	4	1036	1.303e-231	741
ARO:3000502	WP_063865408.1	0.413	1033	603	0	2	1030	4	1036	1.779e-231	740
ARO:3000533	WP_063865368.1	0.19	328	253	0	43	370	52	364	1.257e-11	64
ARO:3000533	WP_004890321.1	0.19	328	253	0	43	370	52	364	1.257e-11	64
ARO:3000535	WP_011116969.1	0.329	87	53	0	121	200	412	498	1.533e-06	49
ARO:3000535	WP_071223303.1	0.289	208	143	0	16	223	28	229	1.921e-19	91
ARO:3000535	WP_063851347.1	0.233	213	140	0	3	215	309	492	1.782e-11	65
ARO:3000549	WP_063856749.1	0.246	241	177	0	118	353	120	360	7.936e-17	80
ARO:3000549	WP_063856745.1	0.232	293	218	0	67	351	66	358	5.644e-19	87
ARO:3000549	WP_063856733.1	0.228	263	201	0	91	353	95	355	1.908e-15	76
ARO:3000553	WP_006285581.1	0.388	225	136	0	15	238	6	230	1.269e-41	151
ARO:3000553	WP_063856718.1	0.386	225	137	0	15	238	4	228	3.2379999999999997e-41	150
ARO:3000553	WP_021418928.1	0.369	230	141	0	15	238	5	234	3.488e-39	144
ARO:3000573	WP_063854778.1	0.293	410	286	0	52	461	17	421	3.862e-48	180
ARO:3000573	WP_012372821.1	0.293	410	286	0	52	461	17	421	3.862e-48	180
ARO:3000573	WP_063865663.1	0.292	410	286	0	52	461	17	421	1.283e-47	178
ARO:3000603	WP_003900446.1	0.551	137	60	0	2	138	38	171	7.192e-42	146
ARO:3000603	WP_055641627.1	0.296	145	96	0	1	138	46	190	1.676e-14	67
ARO:3000603	WP_063844871.1	0.294	144	97	0	1	138	51	194	4.291e-14	66
ARO:3000614	WP_014386804.1	0.193	335	268	0	44	376	44	378	7.914e-13	68
ARO:3000614	WP_063853591.1	0.19	351	281	0	45	392	43	393	7.914e-13	68
ARO:3000614	WP_003896589.1	0.177	325	263	0	37	361	52	371	2.016e-08	54
ARO:3000774	WP_063865385.1	0.305	351	242	0	13	361	20	370	3.192e-44	164
ARO:3000774	WP_063865358.1	0.304	351	242	0	13	361	20	370	5.88e-44	164
ARO:3000774	WP_047693838.1	0.304	351	242	0	13	361	20	370	5.88e-44	164
ARO:3000775	WP_063865552.1	0.392	1041	627	0	2	1033	4	1044	1.139e-215	694
ARO:3000775	WP_004149399.1	0.391	1041	628	0	2	1033	4	1044	7.336e-215	692
ARO:3000775	WP_063865408.1	0.391	1041	628	0	2	1033	4	1044	1.001e-214	691
ARO:3000777	WP_063865408.1	0.603	1042	413	0	1	1042	1	1042	0.0	1219
ARO:3000777	WP_004149399.1	0.603	1042	413	0	1	1042	1	1042	0.0	1219
ARO:3000777	WP_004899982.1	0.603	1042	413	0	1	1042	1	1042	0.0	1219
ARO:3000778	WP_002914189.1	0.427	367	206	0	23	383	21	387	1.178e-82	278
ARO:3000778	WP_004212918.1	0.427	367	206	0	23	383	21	387	1.178e-82	278
ARO:3000778	WP_063865358.1	0.426	367	207	0	23	383	21	387	1.609e-82	277
ARO:3000780	WP_063865358.1	0.277	367	262	0	15	381	17	380	2.416e-38	147
ARO:3000780	WP_002914189.1	0.277	367	262	0	15	381	17	380	3.268e-38	147
ARO:3000780	WP_004212918.1	0.277	367	262	0	15	381	17	380	3.268e-38	147
ARO:3000781	WP_004149399.1	0.398	1042	622	0	2	1043	4	1037	1.873e-220	709
ARO:3000781	WP_063865552.1	0.398	1042	622	0	2	1043	4	1037	1.873e-220	709
ARO:3000781	WP_063865408.1	0.396	1042	624	0	2	1043	4	1037	2.2439999999999998e-219	706
ARO:3000783	WP_047693838.1	0.28	349	244	0	16	355	22	370	4.062e-37	142
ARO:3000783	WP_063865368.1	0.279	349	244	0	16	355	22	370	7.468e-37	141
ARO:3000783	WP_004890321.1	0.278	349	245	0	16	355	22	370	1.012e-36	141
ARO:3000784	WP_063865569.1	0.414	1044	608	0	2	1040	3	1046	3.6209999999999995e-235	751
ARO:3000784	WP_063865552.1	0.413	1044	609	0	2	1040	3	1046	1.7160000000000002e-234	749
ARO:3000784	WP_063865408.1	0.412	1044	610	0	2	1040	3	1046	1.109e-233	747
ARO:3000789	WP_002914189.1	0.404	355	207	0	40	387	35	389	5.037e-73	250
ARO:3000789	WP_004212918.1	0.404	355	207	0	40	387	35	389	5.037e-73	250
ARO:3000789	WP_063865358.1	0.404	355	207	0	40	387	35	389	5.037e-73	250
ARO:3000790	WP_063865552.1	0.566	1045	452	0	1	1045	1	1042	0.0	1130
ARO:3000790	WP_004149399.1	0.565	1045	453	0	1	1045	1	1042	0.0	1128
ARO:3000790	WP_063865408.1	0.565	1045	453	0	1	1045	1	1042	0.0	1127
ARO:3000792	WP_004212918.1	0.296	333	228	0	58	382	38	370	9.554e-39	149
ARO:3000792	WP_002914189.1	0.295	333	228	0	58	382	38	370	1.292e-38	148
ARO:3000792	WP_063865368.1	0.294	333	229	0	58	382	38	370	2.365e-38	147
ARO:3000793	WP_063865404.1	0.274	1034	735	0	13	1025	4	1037	3.4070000000000003e-116	400
ARO:3000793	WP_063865569.1	0.274	1034	735	0	13	1025	4	1037	8.399e-116	398
ARO:3000793	WP_063865577.1	0.272	1039	740	0	13	1030	4	1042	1.5320000000000001e-115	398
ARO:3000794	WP_032495443.1	0.273	1045	742	0	1	1021	1	1045	3.011e-117	402
ARO:3000794	WP_063501636.1	0.273	1045	742	0	1	1021	1	1045	4.069e-117	402
ARO:3000794	WP_063865569.1	0.272	1045	743	0	1	1021	1	1045	3.352e-116	399
ARO:3000795	WP_063865358.1	0.307	357	245	0	17	371	23	379	1.119e-45	168
ARO:3000795	WP_002914189.1	0.306	357	246	0	17	371	23	379	1.52e-45	168
ARO:3000795	WP_063865373.1	0.306	357	246	0	17	371	23	379	1.52e-45	168
ARO:3000796	WP_004899982.1	0.399	1039	621	0	2	1035	4	1042	1.417e-221	711
ARO:3000796	WP_004149399.1	0.399	1039	621	0	2	1035	4	1042	6.700000000000001e-221	709
ARO:3000796	WP_063865408.1	0.398	1039	622	0	2	1035	4	1042	9.141e-221	709
ARO:3000800	WP_047693838.1	0.302	363	251	0	10	369	15	377	4.022e-45	167
ARO:3000800	WP_063865358.1	0.301	363	251	0	10	369	15	377	7.422e-45	166
ARO:3000800	WP_063865373.1	0.3	363	251	0	10	369	15	377	1.008e-44	166
ARO:3000801	WP_063865552.1	0.401	1040	617	0	2	1032	4	1043	5.7130000000000006e-223	716
ARO:3000801	WP_063865408.1	0.4	1040	618	0	2	1032	4	1043	1.0630000000000001e-222	715
ARO:3000801	WP_000347934.1	0.4	1040	618	0	2	1032	4	1043	6.858e-222	713
ARO:3000803	WP_063865358.1	0.487	352	177	0	36	382	39	390	5.961e-96	317
ARO:3000803	WP_002914189.1	0.486	352	178	0	36	382	39	390	8.148000000000001e-96	316
ARO:3000803	WP_004212918.1	0.486	352	178	0	36	382	39	390	8.148000000000001e-96	316
ARO:3000804	WP_063865569.1	0.601	1047	415	0	1	1047	1	1042	0.0	1219
ARO:3000804	WP_063865552.1	0.6	1047	416	0	1	1047	1	1042	0.0	1218
ARO:3000804	WP_063865413.1	0.6	1047	416	0	1	1047	1	1042	0.0	1216
ARO:3000807	WP_004212918.1	0.219	351	252	0	39	362	38	388	1.0530000000000001e-20	93
ARO:3000807	WP_063865358.1	0.219	351	252	0	39	362	38	388	1.0530000000000001e-20	93
ARO:3000807	WP_002914189.1	0.219	351	252	0	39	362	38	388	1.412e-20	92
ARO:3000808	WP_063865404.1	0.306	1036	697	0	1	1005	1	1036	4.874e-143	480
ARO:3000808	WP_032495443.1	0.305	1036	698	0	1	1005	1	1036	2.242e-142	478
ARO:3000808	WP_063865569.1	0.305	1036	698	0	1	1005	1	1036	4.128e-142	477
ARO:3000810	WP_063865358.1	0.307	330	226	0	43	369	38	367	2.0889999999999997e-41	156
ARO:3000810	WP_002914189.1	0.307	330	226	0	43	369	38	367	2.8299999999999996e-41	156
ARO:3000810	WP_004212918.1	0.307	330	226	0	43	369	38	367	2.8299999999999996e-41	156
ARO:3000811	WP_063865569.1	0.397	1037	622	0	2	1038	4	1036	2.669e-218	703
ARO:3000811	WP_000347934.1	0.396	1037	623	0	2	1038	4	1036	1.717e-217	701
ARO:3000811	WP_063865408.1	0.395	1037	624	0	2	1038	4	1036	5.938e-217	699
ARO:3000816	WP_011461303.1	0.422	229	127	0	4	224	1	229	2.861e-49	172
ARO:3000816	WP_063856726.1	0.416	226	127	0	5	223	3	228	2.308e-47	167
ARO:3000816	WP_006285581.1	0.412	223	127	0	8	224	6	228	7.255e-46	162
ARO:3000822	WP_063855882.1	0.221	289	220	0	2	284	5	293	4.729e-16	78
ARO:3000822	WP_031204920.1	0.212	349	273	0	10	356	5	353	2.027e-18	86
ARO:3000822	WP_063856459.1	0.203	311	245	0	19	329	14	322	1.409e-13	70
ARO:3000828	WP_011461303.1	0.398	227	132	0	13	233	5	231	4.864e-44	158
ARO:3000828	WP_063856724.1	0.384	226	136	0	10	230	2	227	3.4509999999999997e-41	149
ARO:3000828	WP_021418928.1	0.383	231	136	0	12	233	4	234	3.872e-42	152
ARO:3000829	WP_063856738.1	0.297	249	168	0	219	458	128	376	1.1700000000000001e-26	113
ARO:3000829	WP_063856749.1	0.285	247	174	0	215	459	116	362	3.788e-24	105
ARO:3000829	WP_063856732.1	0.275	235	162	0	219	443	117	351	6.531e-21	94
ARO:3000830	WP_063856734.1	0.273	207	142	0	242	438	139	345	3.086e-17	83
ARO:3000830	WP_063856738.1	0.226	282	211	0	185	457	100	381	2.968e-16	79
ARO:3000830	WP_063856749.1	0.215	278	216	0	165	440	73	350	8.348e-14	72
ARO:3000832	WP_063856718.1	0.325	81	53	0	4	84	5	84	3.118e-06	45
ARO:3000832	WP_021418928.1	0.207	209	145	0	4	187	6	214	3.646e-08	51
ARO:3000832	WP_023042613.1	0.202	206	146	0	4	187	6	211	3.935e-07	48
ARO:3000833	WP_063856726.1	0.397	105	62	0	958	1062	3	106	4.237e-14	75
ARO:3000833	WP_006285581.1	0.374	104	64	0	957	1060	2	104	3.467e-12	68
ARO:3000833	WP_021418928.1	0.312	113	75	0	961	1070	5	117	7.704e-09	57
ARO:3000838	WP_011461303.1	0.433	226	121	0	4	218	5	230	1.192e-50	176
ARO:3000838	WP_021418928.1	0.414	230	126	0	3	218	4	233	3.391e-48	169
ARO:3000838	WP_063856726.1	0.401	223	127	0	4	216	6	228	5.67e-44	156
ARO:3000839	WP_063856732.1	0.319	201	136	0	241	440	154	354	1.833e-23	102
ARO:3000839	WP_063856745.1	0.293	206	144	0	241	445	150	355	3.207e-20	92
ARO:3000839	WP_063856738.1	0.284	238	170	0	212	449	136	373	5.81e-23	101
ARO:3000879	WP_109874025.1	0.956	261	11	0	1	261	13	273	2.609e-171	526
ARO:3000879	WP_063864866.1	0.953	261	12	0	1	261	13	273	9.208999999999999e-171	525
ARO:3000879	WP_042065300.1	0.953	261	12	0	1	261	13	273	9.208999999999999e-171	525
ARO:3000911	WP_063864914.1	0.947	281	15	0	1	281	4	284	8.206e-183	561
ARO:3000911	WP_063864793.1	0.943	281	16	0	1	281	4	284	5.439e-182	558
ARO:3000911	WP_032489741.1	0.943	281	16	0	1	281	4	284	7.454e-182	558
ARO:3000928	WP_063864990.1	0.953	277	13	0	1	277	1	277	1.59e-181	557
ARO:3000928	WP_011645017.1	0.952	277	13	0	1	277	1	277	2.987e-181	556
ARO:3000928	WP_063864800.1	0.949	277	14	0	1	277	1	277	1.445e-180	554
ARO:3000941	WP_032494853.1	0.956	261	11	0	1	261	13	273	2.609e-171	526
ARO:3000941	WP_063864805.1	0.954	261	12	0	1	261	13	273	4.901999999999999e-171	526
ARO:3000941	WP_032494237.1	0.953	261	12	0	1	261	13	273	9.208999999999999e-171	525
ARO:3000956	WP_032488414.1	0.95	278	14	0	1	278	1	278	1.6669999999999998e-181	557
ARO:3000956	WP_032491449.1	0.949	278	14	0	1	278	1	278	3.131e-181	556
ARO:3000956	WP_063864990.1	0.946	278	15	0	1	278	1	278	1.1050000000000001e-180	554
ARO:3000980	WP_063864805.1	0.952	255	12	0	1	255	13	267	1.6710000000000002e-166	512
ARO:3000980	WP_063864806.1	0.951	255	12	0	1	255	13	267	2.2900000000000003e-166	512
ARO:3000980	WP_032494237.1	0.951	255	12	0	1	255	13	267	2.2900000000000003e-166	512
ARO:3000981	WP_032490103.1	0.954	261	12	0	1	261	13	273	4.901999999999999e-171	526
ARO:3000981	WP_063864949.1	0.952	261	12	0	1	261	13	273	1.73e-170	524
ARO:3000981	WP_063864859.1	0.952	261	12	0	1	261	13	273	1.73e-170	524
ARO:3001052	WP_197749416.1	0.955	250	11	0	2	251	12	261	1.039e-163	504
ARO:3001052	WP_063864892.1	0.952	251	12	0	1	251	11	261	7.578e-164	504
ARO:3001052	WP_063864795.1	0.952	251	12	0	1	251	11	261	7.578e-164	504
ARO:3001058	WP_032488414.1	0.956	283	12	0	1	283	4	286	2.486e-186	571
ARO:3001058	WP_032491449.1	0.955	283	13	0	1	283	4	286	4.67e-186	570
ARO:3001058	WP_032492108.1	0.954	283	13	0	1	283	4	286	8.773e-186	569
ARO:3001065	WP_063864670.1	0.929	260	18	0	1	260	11	270	4.946e-165	508
ARO:3001065	WP_122630878.1	0.928	260	19	0	1	260	11	270	9.292000000000001e-165	507
ARO:3001065	WP_004179754.1	0.928	260	19	0	1	260	11	270	9.292000000000001e-165	507
ARO:3001071	WP_002904004.1	0.931	279	19	0	1	279	1	279	6.334e-178	546
ARO:3001071	WP_063864698.1	0.93	279	19	0	1	279	1	279	1.631e-177	545
ARO:3001071	WP_063864700.1	0.93	279	19	0	1	279	1	279	1.631e-177	545
ARO:3001077	WP_122630878.1	0.934	260	17	0	1	260	11	270	5.443e-166	511
ARO:3001077	WP_004179754.1	0.934	260	17	0	1	260	11	270	5.443e-166	511
ARO:3001077	WP_069280714.1	0.934	260	17	0	1	260	11	270	5.443e-166	511
ARO:3001078	WP_063864609.1	0.935	260	17	0	1	260	11	270	3.9710000000000005e-166	511
ARO:3001078	WP_012477587.1	0.935	260	17	0	1	260	11	270	3.9710000000000005e-166	511
ARO:3001078	WP_122630878.1	0.932	260	18	0	1	260	11	270	1.4020000000000002e-165	510
ARO:3001079	WP_063864609.1	0.932	260	18	0	1	260	11	270	1.4020000000000002e-165	510
ARO:3001079	WP_012477587.1	0.932	260	18	0	1	260	11	270	1.4020000000000002e-165	510
ARO:3001079	WP_122630878.1	0.929	260	18	0	1	260	11	270	4.946e-165	508
ARO:3001080	WP_011117369.1	0.932	260	18	0	1	260	11	270	1.4020000000000002e-165	510
ARO:3001080	WP_063864692.1	0.932	260	18	0	1	260	11	270	1.4020000000000002e-165	510
ARO:3001080	WP_002904004.1	0.928	260	19	0	1	260	11	270	9.292000000000001e-165	507
ARO:3001081	WP_011117369.1	0.933	260	17	0	1	260	11	270	1.023e-165	510
ARO:3001081	WP_063864609.1	0.93	260	18	0	1	260	11	270	3.609e-165	509
ARO:3001081	WP_012477587.1	0.93	260	18	0	1	260	11	270	3.609e-165	509
ARO:3001110	WP_063864666.1	0.935	242	16	0	1	242	8	249	1.908e-154	477
ARO:3001110	WP_004176269.1	0.935	242	16	0	1	242	8	249	1.908e-154	477
ARO:3001110	WP_122630880.1	0.935	242	16	0	1	242	8	249	1.908e-154	477
ARO:3001137	WP_021440083.1	0.939	286	17	0	1	286	3	288	3.2370000000000003e-184	565
ARO:3001137	WP_001620095.1	0.938	285	18	0	2	286	2	286	2.146e-183	563
ARO:3001137	WP_122630839.1	0.935	286	19	0	1	286	3	288	2.146e-183	563
ARO:3001138	WP_122630878.1	0.93	277	19	0	1	277	1	277	3.472e-176	541
ARO:3001138	WP_063864607.1	0.929	277	20	0	1	277	1	277	4.7590000000000004e-176	541
ARO:3001138	WP_004179754.1	0.928	277	20	0	1	277	1	277	6.523e-176	541
ARO:3001169	WP_063864666.1	0.911	287	25	0	1	287	1	286	2.611e-178	548
ARO:3001169	WP_002904004.1	0.906	287	27	0	1	287	1	286	3.249e-177	545
ARO:3001169	WP_063864661.1	0.9	287	29	0	1	287	1	287	1.041e-175	541
ARO:3001170	WP_002904004.1	0.923	271	21	0	1	271	1	271	1.075e-170	525
ARO:3001170	WP_063864698.1	0.921	271	21	0	1	271	1	271	2.767e-170	524
ARO:3001170	WP_063864700.1	0.921	271	21	0	1	271	1	271	2.767e-170	524
ARO:3001171	WP_011117369.1	0.931	271	19	0	1	271	1	271	1.3020000000000002e-172	531
ARO:3001171	WP_063864616.1	0.929	271	19	0	1	271	1	271	4.5960000000000004e-172	529
ARO:3001171	WP_063864652.1	0.927	271	20	0	1	271	1	271	8.633000000000001e-172	528
ARO:3001172	WP_122630878.1	0.926	271	20	0	1	271	1	271	1.6219999999999998e-171	527
ARO:3001172	WP_069280714.1	0.926	271	20	0	1	271	1	271	1.6219999999999998e-171	527
ARO:3001172	WP_063864607.1	0.924	271	21	0	1	271	1	271	4.175e-171	526
ARO:3001173	WP_063864616.1	0.928	271	19	0	1	271	1	271	6.299e-172	529
ARO:3001173	WP_122630878.1	0.926	271	20	0	1	271	1	271	2.2229999999999997e-171	527
ARO:3001173	WP_063864607.1	0.924	271	21	0	1	271	1	271	5.721999999999999e-171	526
ARO:3001174	WP_004179754.1	0.926	271	20	0	1	271	1	271	1.6219999999999998e-171	527
ARO:3001174	WP_122630878.1	0.924	271	21	0	1	271	1	271	4.175e-171	526
ARO:3001174	WP_063864607.1	0.924	271	21	0	1	271	1	271	4.175e-171	526
ARO:3001182	WP_021440083.1	0.935	286	19	0	1	286	3	288	2.146e-183	563
ARO:3001182	WP_001620095.1	0.935	285	18	0	2	286	2	286	1.422e-182	560
ARO:3001182	WP_065419573.1	0.933	285	19	0	2	286	2	286	3.661e-182	559
ARO:3001204	WP_109791212.1	0.928	282	20	0	1	282	1	282	4.2729999999999994e-179	550
ARO:3001204	WP_063864703.1	0.924	282	21	0	1	282	1	282	3.881e-178	547
ARO:3001204	WP_063864680.1	0.921	282	22	0	1	282	1	282	1.877e-177	545
ARO:3001214	WP_063844973.1	0.222	322	247	0	6	327	4	322	7.09e-19	87
ARO:3001214	WP_042862943.1	0.22	305	233	0	21	325	22	321	5.234e-17	81
ARO:3001214	WP_063843246.1	0.218	305	234	0	21	325	22	321	1.234e-16	80
ARO:3001216	WP_100931728.1	0.331	91	60	0	65	155	84	174	1.43e-07	51
ARO:3001216	WP_063854500.1	0.312	93	63	0	65	157	79	171	1.346e-06	48
ARO:3001216	WP_063855982.1	0.276	107	76	0	49	155	46	151	7.22e-06	46
ARO:3001301	WP_063843245.1	0.295	244	171	0	19	261	10	253	4.915e-27	109
ARO:3001301	WP_063844496.1	0.262	244	179	0	20	262	11	254	1.0720000000000001e-20	91
ARO:3001301	WP_063854489.1	0.253	260	181	0	20	262	11	270	1.0720000000000001e-20	91
ARO:3001313	WP_096941464.1	0.274	418	293	0	27	444	18	421	1.553e-42	164
ARO:3001313	WP_109638756.1	0.272	418	295	0	27	444	18	423	6.781000000000001e-42	162
ARO:3001313	WP_052413892.1	0.262	529	365	0	29	557	25	520	1.415e-51	191
ARO:3001328	WP_032492104.1	0.252	177	131	0	20	195	17	193	4.287e-11	63
ARO:3001328	WP_071846197.1	0.25	177	131	0	20	195	17	193	7.53e-11	62
ARO:3001328	WP_032489896.1	0.248	177	132	0	20	195	17	193	1.322e-10	61
ARO:3001329	WP_063855882.1	0.278	201	143	0	13	211	9	209	1.639e-17	83
ARO:3001329	WP_063856459.1	0.257	155	113	0	13	167	2	154	2.18e-09	57
ARO:3001329	WP_012209823.1	0.185	377	306	0	13	389	2	377	8.15e-13	68
ARO:3001411	WP_064056056.1	0.955	257	12	0	1	257	10	266	1.622e-168	518
ARO:3001411	WP_063860939.1	0.952	257	12	0	1	257	10	266	7.845e-168	516
ARO:3001411	WP_063861041.1	0.952	257	12	0	1	257	10	266	7.845e-168	516
ARO:3001427	WP_032491311.1	0.957	256	11	0	1	256	16	271	3.9840000000000002e-168	517
ARO:3001427	WP_110612827.1	0.955	256	11	0	1	256	16	271	1.026e-167	516
ARO:3001427	WP_063861812.1	0.954	256	12	0	1	256	16	271	1.406e-167	515
ARO:3001428	WP_001007673.1	0.975	257	6	0	1	257	1	257	1.2650000000000001e-172	530
ARO:3001428	WP_058132644.1	0.974	257	7	0	1	257	1	257	1.734e-172	529
ARO:3001428	WP_063861826.1	0.974	257	7	0	1	257	1	257	1.734e-172	529
ARO:3001430	WP_063861048.1	0.988	246	3	0	1	246	12	257	8.764e-168	515
ARO:3001430	WP_001007673.1	0.988	246	3	0	1	246	12	257	8.764e-168	515
ARO:3001430	WP_063862613.1	0.987	246	3	0	1	246	12	257	1.647e-167	514
ARO:3001441	WP_122630900.1	0.968	262	8	0	1	262	7	268	1.416e-174	536
ARO:3001441	WP_152315483.1	0.965	262	9	0	1	262	7	268	4.996e-174	534
ARO:3001441	WP_001021776.1	0.965	262	9	0	1	262	7	268	4.996e-174	534
ARO:3001452	WP_001334766.1	0.964	235	8	0	1	235	9	243	2.834e-155	479
ARO:3001452	WP_069280711.1	0.964	235	8	0	1	235	9	243	2.834e-155	479
ARO:3001452	WP_063862622.1	0.964	235	8	0	1	235	9	243	2.834e-155	479
ARO:3001817	WP_063857697.1	0.883	377	44	0	1	377	1	377	5.449e-227	694
ARO:3001817	WP_039189232.1	0.881	377	45	0	1	377	1	377	1.921e-226	692
ARO:3001817	WP_032491956.1	0.879	377	45	0	1	377	1	377	6.774e-226	691
ARO:3001827	WP_023315250.1	0.973	380	10	0	1	380	1	380	2.634e-257	781
ARO:3001827	WP_063857769.1	0.973	380	10	0	1	380	1	380	3.61e-257	781
ARO:3001827	WP_048209719.1	0.973	380	10	0	1	380	1	380	3.61e-257	781
ARO:3001874	WP_011091028.1	0.912	282	25	0	1	282	1	282	2.1219999999999999e-175	539
ARO:3001874	WP_032491377.1	0.912	282	25	0	1	282	1	282	2.1219999999999999e-175	539
ARO:3001874	WP_032495225.1	0.91	282	25	0	1	282	1	282	7.487e-175	538
ARO:3001907	WP_012579082.1	0.809	291	55	0	1	289	1	291	1.6530000000000002e-156	485
ARO:3001907	WP_102607452.1	0.806	291	56	0	1	289	1	291	7.991e-156	483
ARO:3001907	WP_188331867.1	0.802	289	57	0	1	289	1	289	9.019e-154	477
ARO:3001966	WP_063859949.1	0.928	290	21	0	1	290	1	290	2.849e-184	565
ARO:3001966	WP_001617865.1	0.926	290	21	0	1	290	1	290	7.335e-184	564
ARO:3001966	WP_063859924.1	0.924	290	22	0	1	290	1	290	2.5880000000000003e-183	563
ARO:3001967	WP_085562400.1	0.919	287	23	0	1	287	2	288	3.165e-180	554
ARO:3001967	WP_063860036.1	0.919	287	23	0	1	287	2	288	3.165e-180	554
ARO:3001967	WP_063859955.1	0.918	287	23	0	1	287	2	288	4.337e-180	553
ARO:3001968	WP_109791209.1	0.92	287	23	0	1	287	2	288	2.309e-180	554
ARO:3001968	WP_063860042.1	0.92	287	23	0	1	287	2	288	2.309e-180	554
ARO:3001968	WP_063860036.1	0.918	287	23	0	1	287	2	288	5.9450000000000006e-180	553
ARO:3001969	WP_085562400.1	0.919	287	23	0	1	287	2	288	3.316e-180	554
ARO:3001969	WP_063860036.1	0.919	287	23	0	1	287	2	288	3.316e-180	554
ARO:3001969	WP_063859955.1	0.918	287	23	0	1	287	2	288	4.545e-180	553
ARO:3002241	WP_001931474.1	0.928	288	21	0	1	288	1	288	4.426e-183	562
ARO:3002241	WP_188331863.1	0.926	288	21	0	1	288	1	288	1.5620000000000002e-182	560
ARO:3002241	WP_063857835.1	0.925	288	22	0	1	288	1	288	2.14e-182	560
ARO:3002319	WP_111672911.1	0.95	284	14	0	1	284	6	289	1.727e-185	569
ARO:3002319	WP_004152396.1	0.947	284	15	0	1	284	6	289	6.095e-185	567
ARO:3002319	WP_087744800.1	0.947	284	15	0	1	284	6	289	6.095e-185	567
ARO:3002445	WP_032456002.1	0.937	262	16	0	2	263	14	275	7.591e-168	516
ARO:3002445	WP_087833272.1	0.933	262	17	0	2	263	14	275	3.672e-167	514
ARO:3002445	WP_063860912.1	0.931	262	18	0	2	263	14	275	9.453e-167	513
ARO:3002472	WP_008804981.1	0.936	274	17	0	1	274	8	281	1.0639999999999999e-175	540
ARO:3002472	WP_046619698.1	0.934	274	18	0	1	274	8	281	2.74e-175	539
ARO:3002472	WP_039103359.1	0.934	274	18	0	1	274	8	281	3.7559999999999997e-175	538
ARO:3002475	WP_032735535.1	0.934	274	18	0	1	274	8	281	2.74e-175	539
ARO:3002475	WP_123836928.1	0.933	274	18	0	1	274	8	281	5.147999999999999e-175	538
ARO:3002475	WP_063860826.1	0.929	274	19	0	1	274	8	281	3.412e-174	535
ARO:3002476	WP_048330117.1	0.942	156	9	0	1	156	8	163	1.607e-98	310
ARO:3002476	WP_049156962.1	0.942	156	9	0	1	156	8	163	1.607e-98	310
ARO:3002476	WP_012968280.1	0.942	156	9	0	1	156	8	163	1.607e-98	310
ARO:3002477	WP_063860824.1	0.949	152	8	0	1	152	10	161	7.659e-97	305
ARO:3002477	WP_063860826.1	0.949	152	8	0	1	152	10	161	7.659e-97	305
ARO:3002477	WP_023297577.1	0.949	152	8	0	1	152	10	161	7.659e-97	305
ARO:3002522	WP_049554487.1	0.289	571	404	0	26	594	4	574	4.4939999999999996e-68	243
ARO:3002522	WP_048717443.1	0.269	537	391	0	57	593	35	570	5.1390000000000004e-55	203
ARO:3002522	WP_100931730.1	0.251	565	419	0	26	590	5	565	1.687e-50	189
ARO:3002546	WP_003159191.1	0.982	184	3	0	1	184	1	184	2.586e-123	383
ARO:3002546	WP_071593228.1	0.979	184	4	0	1	184	236	419	9.134000000000001e-123	382
ARO:3002546	WP_063839878.1	0.979	184	4	0	1	184	280	463	9.134000000000001e-123	382
ARO:3002578	WP_063839878.1	0.975	195	5	0	67	261	269	463	1.8290000000000002e-128	403
ARO:3002578	WP_063838853.1	0.947	199	10	0	63	261	130	328	8.021e-127	398
ARO:3002578	WP_063839875.1	0.942	202	11	0	63	261	262	463	4.706e-128	402
ARO:3002579	WP_063839875.1	0.979	193	4	0	33	225	271	463	2.307e-128	400
ARO:3002579	WP_071593228.1	0.975	192	5	0	34	225	228	419	3.9389999999999995e-127	397
ARO:3002579	WP_063839878.1	0.974	193	5	0	33	225	271	463	1.116e-127	398
ARO:3002580	WP_071593228.1	0.981	192	4	0	12	203	228	419	2.1130000000000001e-128	399
ARO:3002580	WP_063839878.1	0.979	195	4	0	9	203	269	463	2.5529999999999998e-130	405
ARO:3002580	WP_063839875.1	0.974	195	5	0	9	203	269	463	1.694e-129	402
ARO:3002581	WP_071593228.1	0.975	192	5	0	12	203	228	419	1.402e-127	397
ARO:3002581	WP_063839878.1	0.974	195	5	0	9	203	269	463	1.694e-129	402
ARO:3002581	WP_063839875.1	0.969	195	6	0	9	203	269	463	1.1240000000000001e-128	400
ARO:3002591	WP_032488579.1	0.988	172	2	0	1	172	13	184	9.421e-116	361
ARO:3002591	WP_063839875.1	0.982	172	3	0	1	172	292	463	6.2570000000000005e-115	359
ARO:3002591	WP_063839878.1	0.982	172	3	0	1	172	292	463	6.2570000000000005e-115	359
ARO:3002592	WP_071593228.1	0.986	172	2	0	1	172	248	419	1.771e-115	360
ARO:3002592	WP_063839875.1	0.986	172	2	0	1	172	292	463	1.771e-115	360
ARO:3002592	WP_063839878.1	0.986	172	2	0	1	172	292	463	1.771e-115	360
ARO:3002611	WP_063839878.1	0.949	268	14	0	1	268	1	268	2.521e-174	536
ARO:3002611	WP_022675713.1	0.94	281	17	0	1	281	1	281	3.605e-181	556
ARO:3002611	WP_032492255.1	0.852	281	41	0	1	281	1	281	6.541e-161	497
ARO:3002620	WP_032491824.1	0.945	259	14	0	1	259	5	263	8.620000000000001e-168	516
ARO:3002620	WP_011113049.1	0.943	259	15	0	1	259	5	263	3.0419999999999998e-167	514
ARO:3002620	WP_063840435.1	0.943	259	15	0	1	259	5	263	3.0419999999999998e-167	514
ARO:3002621	WP_011113049.1	0.944	259	14	0	1	259	5	263	2.22e-167	515
ARO:3002621	WP_032491824.1	0.939	259	16	0	1	259	5	263	2.0170000000000002e-166	512
ARO:3002621	WP_063840435.1	0.936	259	17	0	1	259	5	263	7.118e-166	511
ARO:3002622	WP_022675713.1	0.95	268	13	0	1	268	1	268	1.113e-174	537
ARO:3002622	WP_063839878.1	0.94	272	16	0	1	272	1	272	4.323e-175	538
ARO:3002622	WP_063839875.1	0.862	272	37	0	1	272	1	272	1.435e-157	488
ARO:3002626	WP_032491779.1	0.907	282	26	0	1	282	1	282	4.571e-174	536
ARO:3002626	WP_003454325.1	0.675	281	91	0	1	281	3	283	9.463e-120	379
ARO:3002626	WP_001255868.1	0.663	286	96	0	1	285	1	286	3.334e-119	377
ARO:3002656	WP_000742814.1	0.462	228	120	0	193	420	15	238	1.173e-53	193
ARO:3002683	WP_002210545.1	1.0	219	0	0	1	219	1	219	8.789000000000001e-155	476
ARO:3002683	WP_011751353.1	0.55	208	93	0	7	213	2	209	8.336999999999999e-66	220
ARO:3002683	WP_005826111.1	0.541	208	95	0	7	213	2	209	2.655e-64	215
ARO:3002688	WP_002570989.1	0.831	164	28	0	1	164	21	184	6.43e-89	283
ARO:3002688	WP_063843233.1	0.812	164	31	0	1	164	21	184	2.584e-86	276
ARO:3002688	WP_043774378.1	0.676	164	53	0	1	164	21	184	4.355e-68	223
ARO:3002691	WP_001256773.1	0.925	390	29	0	1	390	30	419	9.339999999999999e-249	757
ARO:3002691	WP_071846197.1	0.922	390	30	0	1	390	30	419	1.591e-247	754
ARO:3002691	WP_001256776.1	0.92	390	31	0	1	390	30	419	5.6110000000000006e-247	752
ARO:3002693	WP_001256773.1	0.926	419	31	0	1	419	1	419	9.789e-268	814
ARO:3002693	WP_071846197.1	0.922	419	33	0	1	419	1	419	1.667e-266	810
ARO:3002693	WP_001256776.1	0.921	419	33	0	1	419	1	419	5.8789999999999996e-266	809
ARO:3002701	WP_063844243.1	0.8	390	78	0	1	390	1	390	2.208e-208	641
ARO:3002701	WP_005297378.1	0.54	375	170	0	1	371	1	375	7.053000000000001e-120	385
ARO:3002701	WP_003971483.1	0.523	374	176	0	1	371	1	374	2.72e-114	369
ARO:3002792	WP_063866424.1	0.998	217	0	0	1	217	2	218	3.2999999999999997e-149	460
ARO:3002792	WP_015058260.1	0.998	217	0	0	1	217	2	218	4.5239999999999995e-149	460
ARO:3002792	WP_032495094.1	0.97	217	6	0	1	217	2	218	3.86e-144	445
ARO:3002812	WP_063844973.1	0.804	375	73	0	1	374	1	375	1.806e-201	620
ARO:3002812	WP_000214125.1	0.757	375	91	0	1	374	1	375	4.1269999999999995e-187	578
ARO:3002812	WP_011552636.1	0.58	369	154	0	6	373	7	375	3.859e-130	414
ARO:3002813	WP_015585966.1	0.234	457	345	0	16	472	22	473	7.621e-34	135
ARO:3002813	WP_052413892.1	0.228	438	325	0	31	452	42	479	3.792e-30	124
ARO:3002813	WP_112021705.1	0.194	421	334	0	32	452	38	453	4.793e-18	85
ARO:3002829	WP_002449123.1	0.91	522	47	0	1	522	1	522	0.0	993
ARO:3002829	WP_063856936.1	0.772	523	119	0	1	521	1	523	3.009e-269	824
ARO:3002829	WP_012779620.1	0.648	519	182	0	3	520	2	520	6.3190000000000005e-214	664
ARO:3002836	WP_002294514.1	0.942	267	15	0	1	267	1	267	2.027e-172	530
ARO:3002836	WP_002333496.1	0.752	267	66	0	1	267	1	267	1.134e-130	409
ARO:3002836	WP_063851344.1	0.371	265	165	0	1	263	1	265	9.74e-47	167
ARO:3002878	WP_000799227.1	0.912	256	22	0	1	256	1	256	1.116e-158	490
ARO:3002878	WP_148044405.1	0.466	217	115	0	41	256	20	236	1.9729999999999998e-53	186
ARO:3002878	WP_063857824.1	0.466	215	114	0	41	255	24	238	5.048e-53	184
ARO:3002879	WP_063851344.1	0.928	273	20	0	1	273	1	273	4.054e-173	532
ARO:3002879	WP_002294514.1	0.394	263	157	0	3	265	4	263	5.524e-51	179
ARO:3002879	WP_002333496.1	0.381	264	163	0	3	266	4	267	1.525e-48	172
ARO:3002881	WP_063854494.1	0.265	510	369	0	16	518	42	551	9.682e-51	188
ARO:3002881	WP_053138477.1	0.259	529	384	0	21	539	20	548	3.209e-50	187
ARO:3002881	WP_003234144.1	0.234	514	353	0	6	519	5	466	9.266e-39	152
ARO:3002882	WP_049554487.1	0.339	481	315	0	176	656	96	573	4.963e-74	262
ARO:3002882	WP_048717443.1	0.316	490	334	0	167	656	81	570	4.3459999999999995e-67	241
ARO:3002882	WP_100931730.1	0.289	474	333	0	187	660	103	572	2.1089999999999999e-54	202
ARO:3002894	WP_011116969.1	0.434	62	35	0	139	200	437	498	1.118e-07	51
ARO:3002894	WP_071223303.1	0.421	315	180	0	13	327	17	328	9.566e-69	235
ARO:3002894	WP_063843207.1	0.221	176	132	0	83	252	103	278	4.584e-07	49
ARO:3002934	WP_063856738.1	0.832	227	38	0	1	227	1	225	4.7159999999999997e-125	391
ARO:3002934	WP_063856732.1	0.466	224	116	0	10	233	2	220	5.339e-56	192
ARO:3002934	WP_063856741.1	0.394	223	132	0	1	223	5	223	1.606e-42	153
ARO:3002961	WP_001812592.1	0.755	231	56	0	2	232	63	293	7.201e-113	356
ARO:3002961	WP_063856920.1	0.748	231	58	0	2	232	61	291	1.683e-111	352
ARO:3002961	WP_006285584.1	0.73	233	62	0	2	232	60	292	4.897e-109	345
ARO:3002982	WP_047693838.1	0.304	343	237	0	20	361	22	364	1.341e-42	160
ARO:3002982	WP_063865358.1	0.303	343	238	0	20	361	22	364	2.467e-42	159
ARO:3002982	WP_002914189.1	0.302	343	238	0	20	361	22	364	3.345e-42	158
ARO:3002983	WP_063865577.1	0.403	1034	611	0	2	1025	4	1037	4.1880000000000005e-223	716
ARO:3002983	WP_063865569.1	0.402	1039	617	0	2	1033	4	1042	1.2080000000000001e-223	718
ARO:3002983	WP_012967412.1	0.402	1039	617	0	2	1033	4	1042	1.649e-223	717
ARO:3002987	WP_011116969.1	0.363	66	39	0	136	197	446	511	2.47e-05	43
ARO:3002987	WP_071223303.1	0.328	301	197	0	10	303	23	323	3.371e-43	158
ARO:3002987	WP_063851347.1	0.261	200	133	0	4	203	309	489	3.274e-15	74
ARO:3003001	WP_004339683.1	0.946	321	17	0	1	321	1	321	3.083e-209	639
ARO:3003001	WP_057280848.1	0.941	321	19	0	1	321	1	321	5.258e-208	636
ARO:3003001	WP_032946415.1	0.941	321	19	0	1	321	1	321	5.258e-208	636
ARO:3003006	WP_100931728.1	0.302	122	84	0	41	161	60	181	5.141e-10	59
ARO:3003006	WP_063855882.1	0.233	386	288	0	7	383	11	396	1.486e-27	114
ARO:3003006	WP_010973639.1	0.22	376	290	0	13	388	6	378	1.0669999999999998e-22	99
ARO:3003007	WP_012209823.1	0.265	363	262	0	3	360	2	364	2.1260000000000003e-34	135
ARO:3003007	WP_031204920.1	0.253	354	258	0	3	349	2	355	3.188e-30	122
ARO:3003007	WP_063855882.1	0.222	383	289	0	10	381	20	402	6.595e-24	103
ARO:3003009	WP_002914189.1	0.443	123	68	0	38	160	33	155	4.7239999999999997e-23	100
ARO:3003009	WP_004212918.1	0.443	123	68	0	38	160	33	155	4.7239999999999997e-23	100
ARO:3003009	WP_063865358.1	0.443	123	68	0	38	160	33	155	4.7239999999999997e-23	100
ARO:3003010	WP_063865483.1	0.592	1026	417	0	1	1026	1	1024	0.0	1174
ARO:3003010	WP_021312368.1	0.592	1026	417	0	1	1026	1	1024	0.0	1173
ARO:3003010	WP_004149399.1	0.591	1026	418	0	1	1026	1	1024	0.0	1172
ARO:3003013	WP_001830196.1	0.967	157	5	0	1	157	1	157	1.7010000000000002e-102	322
ARO:3003013	WP_071846306.1	0.914	157	13	0	1	157	1	157	1.215e-95	302
ARO:3003013	WP_132586462.1	0.893	157	17	0	1	157	1	157	6.704e-93	294
ARO:3003031	WP_063865569.1	0.311	1036	691	0	1	1004	1	1036	5.146e-147	491
ARO:3003031	WP_063865404.1	0.311	1036	691	0	1	1004	1	1036	5.146e-147	491
ARO:3003031	WP_063865413.1	0.309	1036	693	0	1	1004	1	1036	8.074e-146	488
ARO:3003033	WP_004149399.1	0.388	1039	630	0	2	1031	4	1042	1.3370000000000001e-211	683
ARO:3003033	WP_000347934.1	0.387	1039	631	0	2	1031	4	1042	6.303e-211	681
ARO:3003033	WP_063865408.1	0.386	1039	632	0	2	1031	4	1042	1.598e-210	679
ARO:3003034	WP_047693838.1	0.261	349	255	0	10	355	17	365	8.746e-32	127
ARO:3003034	WP_002914189.1	0.26	349	255	0	10	355	17	365	2.151e-31	126
ARO:3003034	WP_004212918.1	0.26	349	255	0	10	355	17	365	2.151e-31	126
ARO:3003035	WP_125353308.1	0.234	154	105	0	22	159	18	171	1.515e-07	48
ARO:3003035	WP_078207746.1	0.23	150	102	0	25	158	21	170	9.182e-07	46
ARO:3003035	WP_061586512.1	0.229	150	103	0	25	158	21	170	1.239e-06	46
ARO:3003046	WP_112021705.1	0.34	482	315	0	14	495	16	493	1.549e-76	264
ARO:3003046	WP_064760451.1	0.34	482	315	0	14	495	16	493	2.108e-76	264
ARO:3003046	WP_096941464.1	0.338	482	316	0	14	495	16	493	7.234e-76	262
ARO:3003047	WP_112021705.1	0.335	482	317	0	14	495	16	493	1.575e-74	258
ARO:3003047	WP_064760451.1	0.335	482	317	0	14	495	16	493	2.143e-74	258
ARO:3003047	WP_096941464.1	0.333	482	318	0	14	495	16	493	7.344e-74	256
ARO:3003048	WP_032492328.1	0.456	44	23	0	258	301	39	82	0.0004919	40
ARO:3003048	WP_063843246.1	0.365	63	39	0	258	320	39	101	0.0001218	42
ARO:3003048	WP_042862943.1	0.365	63	39	0	258	320	39	101	0.0001218	42
ARO:3003051	WP_063865358.1	0.312	335	229	0	26	359	30	364	1.546e-43	162
ARO:3003051	WP_002914189.1	0.311	335	229	0	26	359	30	364	2.0980000000000002e-43	162
ARO:3003051	WP_063865373.1	0.311	335	229	0	26	359	30	364	2.0980000000000002e-43	162
ARO:3003052	WP_063865552.1	0.4	1045	625	0	3	1045	5	1049	2.7650000000000002e-223	717
ARO:3003052	WP_004149399.1	0.399	1045	626	0	3	1045	5	1049	2.4320000000000003e-222	714
ARO:3003052	WP_063865408.1	0.399	1045	626	0	3	1045	5	1049	3.318e-222	714
ARO:3003055	WP_063865358.1	0.339	320	209	0	54	370	60	379	4.206e-48	176
ARO:3003055	WP_002914189.1	0.338	320	209	0	54	370	60	379	5.717000000000001e-48	175
ARO:3003055	WP_004212918.1	0.338	320	209	0	54	370	60	379	5.717000000000001e-48	175
ARO:3003056	WP_004149399.1	0.405	1039	616	0	2	1038	4	1042	2.177e-226	726
ARO:3003056	WP_063865552.1	0.405	1039	616	0	2	1038	4	1042	2.177e-226	726
ARO:3003056	WP_063865408.1	0.404	1039	617	0	2	1038	4	1042	1.9180000000000002e-225	723
ARO:3003066	WP_011461303.1	0.396	230	133	0	8	228	2	231	1.264e-44	159
ARO:3003066	WP_021418928.1	0.372	231	137	0	10	228	4	234	2.829e-40	146
ARO:3003066	WP_003126775.1	0.366	229	139	0	8	228	2	230	8.814e-39	142
ARO:3003067	WP_063856738.1	0.276	223	160	0	243	464	154	376	1.128e-19	91
ARO:3003067	WP_063856732.1	0.263	209	152	0	243	449	143	351	5.516e-16	79
ARO:3003067	WP_063856749.1	0.239	246	186	0	220	464	116	361	1.285e-15	78
ARO:3003197	WP_063840441.1	0.921	263	21	0	1	263	1	263	4.1540000000000003e-165	509
ARO:3003197	WP_063840457.1	0.919	263	21	0	1	263	1	263	1.07e-164	507
ARO:3003197	WP_011113049.1	0.918	263	21	0	1	263	1	263	2.009e-164	507
ARO:3003548	WP_002914189.1	0.219	256	171	0	38	293	57	276	2.883e-13	69
ARO:3003548	WP_004212918.1	0.219	256	171	0	38	293	57	276	2.883e-13	69
ARO:3003548	WP_063865358.1	0.219	256	171	0	38	293	57	276	3.844e-13	68
ARO:3003551	WP_124470450.1	0.242	359	270	0	5	363	2	358	1.327e-27	114
ARO:3003551	WP_010991840.1	0.238	368	275	0	21	382	24	391	2.403e-27	113
ARO:3003551	WP_064190967.1	0.234	345	259	0	21	365	43	381	3.873e-24	104
ARO:3003576	WP_094308975.1	0.481	494	255	0	52	545	48	540	9.073e-135	436
ARO:3003576	WP_102607465.1	0.48	494	256	0	52	545	48	540	1.24e-134	436
ARO:3003576	WP_065804663.1	0.48	494	256	0	52	545	48	540	1.6949999999999999e-134	435
ARO:3003583	WP_070064533.1	0.252	289	214	0	171	459	77	363	1.7209999999999998e-22	100
ARO:3003583	WP_003975349.1	0.223	294	226	0	171	464	73	364	1.42e-16	81
ARO:3003583	WP_063856737.1	0.208	247	193	0	186	432	170	414	4.072e-10	60
ARO:3003679	WP_047693838.1	0.2	364	274	0	18	360	14	377	1.751e-16	79
ARO:3003681	WP_063865404.1	0.182	1016	805	0	21	1005	17	1032	2.209e-43	171
ARO:3003681	WP_063865408.1	0.182	1016	805	0	21	1005	17	1032	6.714e-43	169
ARO:3003681	WP_000347934.1	0.181	1016	806	0	21	1005	17	1032	1.545e-42	168
ARO:3003693	WP_063865404.1	0.207	978	762	0	19	980	17	994	6.568e-59	221
ARO:3003693	WP_004149399.1	0.206	978	763	0	19	980	17	994	1.529e-58	220
ARO:3003693	WP_000347934.1	0.205	978	764	0	19	980	17	994	4.7160000000000004e-58	218
ARO:3003698	WP_063865358.1	0.42	345	196	0	18	356	23	367	1.561e-75	256
ARO:3003698	WP_002914189.1	0.42	345	196	0	18	356	23	367	2.132e-75	256
ARO:3003698	WP_063865373.1	0.42	345	196	0	18	356	23	367	2.132e-75	256
ARO:3003699	WP_063865552.1	0.559	1040	456	0	1	1036	1	1040	0.0	1107
ARO:3003699	WP_063865408.1	0.558	1040	457	0	1	1036	1	1040	0.0	1105
ARO:3003699	WP_004149399.1	0.558	1040	457	0	1	1036	1	1040	0.0	1105
ARO:3003704	WP_063865385.1	0.285	343	235	0	40	369	36	378	1.005e-37	145
ARO:3003704	WP_002914189.1	0.283	343	236	0	40	369	36	378	6.21e-37	142
ARO:3003704	WP_004212918.1	0.283	343	236	0	40	369	36	378	6.21e-37	142
ARO:3003705	WP_032495443.1	0.256	1038	754	0	8	1021	4	1041	4.599e-102	357
ARO:3003705	WP_063501636.1	0.256	1038	754	0	8	1021	4	1041	6.192e-102	356
ARO:3003705	WP_000347934.1	0.256	1038	754	0	8	1021	4	1041	1.123e-101	355
ARO:3003719	WP_015649877.1	0.57	255	108	0	20	272	7	261	5.24e-86	281
ARO:3003719	WP_003161965.1	0.569	255	109	0	20	272	7	261	7.176e-86	280
ARO:3003719	WP_010793618.1	0.569	255	109	0	20	272	7	261	7.176e-86	280
ARO:3003730	WP_000163435.1	0.347	1059	645	0	30	1088	7	995	1.053e-180	594
ARO:3003730	WP_063854488.1	0.343	1057	652	0	32	1088	9	1001	7.856e-177	583
ARO:3003748	WP_071223303.1	0.536	304	139	0	5	308	22	322	5.16e-95	310
ARO:3003748	WP_011116969.1	0.344	88	52	0	108	187	411	498	4.095e-08	52
ARO:3003748	WP_063856491.1	0.249	239	160	0	1	214	9	247	2.138e-17	81
ARO:3003762	WP_011428879.1	0.83	160	27	0	1	160	1	160	2.87e-86	276
ARO:3003762	WP_000700648.1	0.828	160	27	0	1	160	1	160	5.394e-86	275
ARO:3003762	WP_004308783.1	0.61	152	59	0	3	154	4	155	4.439e-54	183
ARO:3003796	WP_001211205.1	0.972	383	11	0	1	383	1	383	5.043e-259	786
ARO:3003796	WP_063857799.1	0.971	383	11	0	1	383	1	383	1.298e-258	785
ARO:3003796	WP_001211207.1	0.97	383	11	0	1	383	1	383	3.3400000000000003e-258	784
ARO:3003801	WP_032492328.1	0.288	311	218	0	19	325	17	327	6.853000000000001e-34	134
ARO:3003801	WP_071846197.1	0.283	312	220	0	19	326	17	328	1.0210000000000001e-32	130
ARO:3003801	WP_032492104.1	0.282	311	220	0	19	325	17	327	1.8590000000000002e-32	129
ARO:3003841	WP_011461303.1	0.387	226	134	0	3	222	4	229	5.713e-42	151
ARO:3003841	WP_063856718.1	0.376	225	137	0	1	221	1	225	8.543e-40	145
ARO:3003841	WP_021418928.1	0.361	227	139	0	4	221	5	231	2.376e-37	138
ARO:3003942	WP_011116969.1	0.358	70	44	0	930	999	430	498	6.378e-05	45
ARO:3003942	WP_071223303.1	0.249	181	130	0	819	999	31	204	2.711e-10	63
ARO:3003942	WP_063856469.1	0.216	266	194	0	755	1020	295	543	2.533e-12	69
ARO:3003948	WP_049554487.1	0.286	542	382	0	33	568	36	577	4.442e-63	226
ARO:3003948	WP_100931730.1	0.269	569	412	0	6	574	14	578	2.117e-59	215
ARO:3003948	WP_048717443.1	0.253	569	423	0	2	568	6	574	4.298e-52	193
ARO:3003949	WP_049554487.1	0.424	285	163	0	78	362	253	536	1.1059999999999999e-61	214
ARO:3003949	WP_048717443.1	0.328	331	222	0	32	362	203	533	1.075e-47	173
ARO:3003949	WP_100931730.1	0.299	292	203	0	71	362	241	531	3.929e-34	133
ARO:3003950	WP_049554487.1	0.303	578	397	0	11	581	2	579	7.777000000000001e-76	265
ARO:3003950	WP_048717443.1	0.301	564	392	0	16	579	13	574	4.773e-73	256
ARO:3003950	WP_063856469.1	0.288	566	402	0	14	579	3	568	2.3399999999999997e-67	239
ARO:3003952	WP_063851347.1	0.249	171	115	0	342	512	328	481	6.753e-10	59
ARO:3003952	WP_048717443.1	0.244	211	153	0	327	529	343	553	4.837e-13	70
ARO:3003952	WP_049554487.1	0.183	475	377	0	68	529	82	556	2.74e-17	83
ARO:3003954	WP_063853591.1	0.39	401	242	0	11	411	6	403	4.4760000000000003e-79	268
ARO:3003954	WP_032492336.1	0.352	408	260	0	9	416	4	405	5.047e-68	236
ARO:3003954	WP_014386804.1	0.333	404	263	0	1	404	1	395	3.539e-61	216
ARO:3003955	WP_052413892.1	0.258	442	326	0	56	496	31	472	2.728e-40	156
ARO:3003955	WP_064760451.1	0.237	437	320	0	63	499	31	450	8.752e-33	133
ARO:3003955	WP_112021705.1	0.236	437	320	0	63	499	31	450	1.5640000000000002e-32	132
ARO:3003962	WP_052413892.1	0.251	410	306	0	13	422	25	434	8.381e-35	139
ARO:3003962	WP_100931728.1	0.248	400	296	0	20	414	38	437	1.211e-32	132
ARO:3003962	WP_015585966.1	0.233	410	311	0	18	424	26	435	3.084e-29	121
ARO:3003964	WP_100931728.1	0.261	141	98	0	49	181	74	214	2.376e-08	54
ARO:3003964	WP_063855881.1	0.26	130	95	0	44	173	45	174	5.138e-07	49
ARO:3003964	WP_063854502.1	0.2	216	159	0	49	264	63	262	8.982e-07	49
ARO:3003967	WP_096941464.1	0.393	504	305	0	1	504	1	504	1.579e-102	340
ARO:3003967	WP_064760451.1	0.393	504	305	0	1	504	1	504	2.156e-102	340
ARO:3003967	WP_109638756.1	0.392	506	306	0	1	504	1	506	2.9440000000000003e-102	339
ARO:3003969	WP_010891057.1	0.283	90	60	0	46	135	46	129	0.0002775	40
ARO:3003969	WP_031204920.1	0.223	156	117	0	46	201	44	195	1.283e-05	45
ARO:3003969	WP_124470450.1	0.218	147	109	0	46	192	44	184	0.0002099	41
ARO:3003991	WP_003246254.1	0.604	297	117	0	12	307	8	304	1.629e-109	351
ARO:3003991	WP_087349244.1	0.568	296	127	0	14	308	6	301	3.134e-100	324
ARO:3003991	WP_014386803.1	0.441	292	162	0	15	306	4	293	1.751e-68	232
ARO:3004041	WP_063865358.1	0.285	377	267	0	4	380	9	383	4.427e-42	158
ARO:3004041	WP_002914189.1	0.284	377	268	0	4	380	9	383	6.003e-42	158
ARO:3004041	WP_004212918.1	0.284	377	268	0	4	380	9	383	6.003e-42	158
ARO:3004042	WP_063865358.1	0.327	375	251	0	4	378	9	382	1.77e-54	195
ARO:3004042	WP_002914189.1	0.327	375	251	0	4	378	9	382	2.409e-54	194
ARO:3004042	WP_004212918.1	0.327	375	251	0	4	378	9	382	2.409e-54	194
ARO:3004043	WP_063865358.1	0.324	375	252	0	4	378	9	382	1.125e-53	192
ARO:3004043	WP_002914189.1	0.324	375	252	0	4	378	9	382	1.5309999999999998e-53	192
ARO:3004043	WP_063865390.1	0.321	380	256	0	1	378	3	382	2.0829999999999997e-53	192
ARO:3004054	WP_003126775.1	0.365	227	140	0	1	221	1	227	3.643e-38	140
ARO:3004054	WP_063856728.1	0.344	226	144	0	1	221	1	226	4.271e-34	128
ARO:3004054	WP_063856729.1	0.302	217	147	0	5	221	7	218	4.756e-25	102
ARO:3004073	WP_047693838.1	0.295	331	231	0	57	384	40	370	4.032e-38	147
ARO:3004073	WP_002914189.1	0.294	331	231	0	57	384	40	370	5.449e-38	147
ARO:3004073	WP_004212918.1	0.294	331	231	0	57	384	40	370	5.449e-38	147
ARO:3004074	WP_063865569.1	0.269	1040	744	0	1	1019	1	1040	4.899e-113	390
ARO:3004074	WP_032495443.1	0.269	1040	744	0	1	1019	1	1040	6.612e-113	390
ARO:3004074	WP_063865404.1	0.269	1040	744	0	1	1019	1	1040	1.205e-112	389
ARO:3004075	WP_063865404.1	0.268	1047	752	0	1	1029	1	1047	3.148e-113	391
ARO:3004075	WP_063865569.1	0.267	1047	754	0	1	1029	1	1047	1.906e-112	388
ARO:3004075	WP_063865577.1	0.267	1047	754	0	1	1029	1	1047	8.543e-112	386
ARO:3004100	WP_063865569.1	0.265	1042	737	0	1	1004	1	1042	8.995e-110	379
ARO:3004100	WP_063865404.1	0.264	1042	738	0	1	1004	1	1042	2.9870000000000004e-109	378
ARO:3004100	WP_063865577.1	0.263	1042	739	0	1	1004	1	1042	2.4370000000000002e-108	375
ARO:3004143	WP_063865358.1	0.308	306	210	0	55	359	60	365	4.648e-38	146
ARO:3004143	WP_002914189.1	0.307	306	211	0	55	359	60	365	6.296e-38	145
ARO:3004143	WP_004212918.1	0.307	306	211	0	55	359	60	365	6.296e-38	145
ARO:3004144	WP_000347934.1	0.421	1044	599	0	2	1036	4	1047	1.9189999999999997e-241	770
ARO:3004144	WP_063865531.1	0.421	1044	599	0	2	1036	4	1047	2.6199999999999997e-241	769
ARO:3004144	WP_063865537.1	0.421	1044	599	0	2	1036	4	1047	2.6199999999999997e-241	769
ARO:3004336	WP_179284389.1	0.972	371	10	0	1	371	27	397	1.202e-250	762
ARO:3004336	WP_023118898.1	0.969	371	11	0	1	371	27	397	1.0909999999999999e-249	759
ARO:3004336	WP_121286063.1	0.968	371	12	0	1	371	27	397	2.808e-249	758
ARO:3004338	WP_040184286.1	0.973	371	10	0	1	371	27	397	4.67e-251	763
ARO:3004338	WP_087587950.1	0.971	371	11	0	1	371	27	397	3.093e-250	760
ARO:3004338	WP_058128316.1	0.971	371	11	0	1	371	27	397	3.093e-250	760
ARO:3004339	WP_034051361.1	0.972	371	10	0	1	371	27	397	1.6470000000000002e-250	761
ARO:3004339	WP_064483997.1	0.971	371	11	0	1	371	27	397	3.093e-250	760
ARO:3004339	WP_064511513.1	0.971	371	11	0	1	371	27	397	3.093e-250	760
ARO:3004340	WP_150823480.1	0.974	371	10	0	1	371	27	397	3.4080000000000002e-251	763
ARO:3004340	WP_111672908.1	0.971	371	11	0	1	371	27	397	3.093e-250	760
ARO:3004340	WP_003454242.1	0.971	371	11	0	1	371	27	397	3.093e-250	760
ARO:3004341	WP_150823480.1	0.972	371	10	0	1	371	27	397	1.6470000000000002e-250	761
ARO:3004341	WP_111672908.1	0.968	371	12	0	1	371	27	397	1.495e-249	758
ARO:3004341	WP_003454242.1	0.968	371	12	0	1	371	27	397	1.495e-249	758
ARO:3004342	WP_111672908.1	0.971	371	11	0	1	371	27	397	2.2570000000000003e-250	761
ARO:3004342	WP_141563014.1	0.971	371	11	0	1	371	27	397	2.2570000000000003e-250	761
ARO:3004342	WP_003454242.1	0.971	371	11	0	1	371	27	397	2.2570000000000003e-250	761
ARO:3004344	WP_023115067.1	0.968	371	12	0	1	371	27	397	2.0489999999999997e-249	758
ARO:3004344	WP_016252988.1	0.968	371	12	0	1	371	27	397	2.0489999999999997e-249	758
ARO:3004344	WP_064511493.1	0.968	371	12	0	1	371	27	397	2.0489999999999997e-249	758
ARO:3004345	WP_034066397.1	0.969	371	11	0	1	371	27	397	7.962000000000001e-250	759
ARO:3004345	WP_023115067.1	0.968	371	12	0	1	371	27	397	1.495e-249	758
ARO:3004345	WP_179284365.1	0.968	371	12	0	1	371	27	397	1.495e-249	758
ARO:3004346	WP_104009859.1	0.972	371	10	0	1	371	27	397	1.6470000000000002e-250	761
ARO:3004346	WP_104009858.1	0.971	371	11	0	1	371	27	397	2.2570000000000003e-250	761
ARO:3004346	WP_023115067.1	0.968	371	12	0	1	371	27	397	2.0489999999999997e-249	758
ARO:3004347	WP_104009835.1	0.971	371	11	0	1	371	27	397	2.2570000000000003e-250	761
ARO:3004347	WP_148044464.1	0.968	371	12	0	1	371	27	397	2.808e-249	758
ARO:3004347	WP_104009858.1	0.968	371	12	0	1	371	27	397	2.808e-249	758
ARO:3004348	WP_023115067.1	0.971	371	11	0	1	371	27	397	2.2570000000000003e-250	761
ARO:3004348	WP_016252988.1	0.971	371	11	0	1	371	27	397	2.2570000000000003e-250	761
ARO:3004348	WP_034066397.1	0.97	371	11	0	1	371	27	397	5.81e-250	760
ARO:3004350	WP_164461301.1	0.972	371	10	0	1	371	27	397	1.6470000000000002e-250	761
ARO:3004350	WP_019485213.1	0.968	371	12	0	1	371	27	397	2.0489999999999997e-249	758
ARO:3004350	WP_043083525.1	0.968	371	12	0	1	371	27	397	2.0489999999999997e-249	758
ARO:3004351	WP_065102306.1	0.971	369	11	0	1	369	27	395	4.801999999999999e-249	757
ARO:3004351	WP_087587956.1	0.97	368	11	0	2	369	28	395	8.186e-248	753
ARO:3004351	WP_164461298.1	0.968	368	12	0	2	369	28	395	2.8870000000000005e-247	752
ARO:3004352	WP_111672905.1	0.967	367	12	0	2	368	28	394	2.501e-246	749
ARO:3004352	WP_104009860.1	0.963	367	14	0	2	368	28	394	3.111e-245	746
ARO:3004352	WP_164461297.1	0.953	372	17	0	1	368	27	398	1.209e-245	747
ARO:3004353	WP_111672905.1	0.966	367	12	0	2	368	28	394	3.427e-246	749
ARO:3004353	WP_104009860.1	0.963	367	14	0	2	368	28	394	4.2629999999999995e-245	745
ARO:3004353	WP_126118969.1	0.959	371	15	0	1	368	27	397	9.717000000000001e-247	750
ARO:3004354	WP_104009834.1	0.97	367	11	0	1	367	27	393	3.603e-247	751
ARO:3004354	WP_164461301.1	0.955	371	16	0	1	367	27	397	1.5809999999999998e-245	747
ARO:3004354	WP_164461297.1	0.952	372	18	0	1	367	27	398	2.968e-245	746
ARO:3004355	WP_087587965.1	0.97	368	11	0	2	369	28	395	5.973e-248	754
ARO:3004355	WP_065102306.1	0.962	369	14	0	1	369	27	395	3.5910000000000005e-246	749
ARO:3004355	WP_087587956.1	0.96	368	15	0	2	369	28	395	6.1219999999999994e-245	745
ARO:3004356	WP_204378711.1	0.973	371	10	0	1	371	27	397	4.67e-251	763
ARO:3004356	WP_088245224.1	0.973	371	10	0	1	371	27	397	4.67e-251	763
ARO:3004356	WP_088245218.1	0.973	371	10	0	1	371	27	397	6.4000000000000004e-251	762
ARO:3004442	WP_063856414.1	0.907	638	59	0	1	638	1	638	0.0	1209
ARO:3004442	WP_024963478.1	0.896	638	66	0	1	638	1	638	0.0	1193
ARO:3004442	WP_204313008.1	0.891	638	69	0	1	638	1	638	0.0	1185
ARO:3004444	WP_063857830.1	0.567	266	115	0	15	280	12	277	2.55e-89	291
ARO:3004444	WP_063857831.1	0.565	266	115	0	15	280	12	277	8.965999999999999e-89	289
ARO:3004444	WP_065158950.1	0.564	266	116	0	15	280	12	277	1.228e-88	289
ARO:3004445	WP_003235647.1	0.352	242	139	0	37	278	48	262	7.347e-38	141
ARO:3004445	WP_003328240.1	0.342	247	144	0	37	283	49	268	8.747999999999999e-37	138
ARO:3004445	WP_041816295.1	0.319	277	168	0	2	278	6	253	2.5359999999999997e-37	140
ARO:3004452	WP_032488880.1	0.609	179	69	0	10	188	9	186	5.2980000000000004e-64	215
ARO:3004452	WP_039139170.1	0.575	210	88	0	10	219	9	216	1.072e-70	234
ARO:3004452	WP_071218680.1	0.521	202	94	0	21	218	15	216	8.16e-59	200
ARO:3004456	WP_032488880.1	0.654	206	71	0	1	206	1	206	7.73e-83	269
ARO:3004456	WP_039139170.1	0.651	215	75	0	1	215	1	215	2.932e-86	278
ARO:3004456	WP_063843221.1	0.582	216	89	0	1	215	1	216	1.711e-74	244
ARO:3004457	WP_039139170.1	0.638	215	77	0	1	215	1	215	4.536e-84	272
ARO:3004457	WP_032488880.1	0.638	206	74	0	1	206	1	206	4.213e-80	261
ARO:3004457	WP_063843221.1	0.593	216	87	0	1	215	1	216	2.081e-76	250
ARO:3004458	WP_039139170.1	0.638	215	77	0	1	215	1	215	4.536e-84	272
ARO:3004458	WP_032488880.1	0.636	206	75	0	1	206	1	206	7.911e-80	260
ARO:3004458	WP_063843221.1	0.588	216	88	0	1	215	1	216	1.377e-75	248
ARO:3004460	WP_043774378.1	0.796	205	42	0	1	205	1	205	2.314e-106	336
ARO:3004460	WP_002570989.1	0.694	207	63	0	1	207	1	207	4.515e-90	289
ARO:3004460	WP_063843233.1	0.68	205	65	0	1	205	1	205	8.693e-87	280
ARO:3004466	WP_099982813.1	0.625	534	197	0	41	574	12	537	1.7570000000000002e-209	654
ARO:3004466	WP_094323230.1	0.622	534	198	0	41	574	12	537	5.551e-208	650
ARO:3004466	WP_188331887.1	0.621	534	199	0	41	574	12	537	7.599e-208	649
ARO:3004543	WP_015776248.1	0.721	295	82	0	21	315	2	296	8.246e-137	430
ARO:3004543	WP_021263608.1	0.431	294	166	0	23	314	4	297	2.675e-66	226
ARO:3004543	WP_014386803.1	0.397	279	167	0	30	307	9	287	1.206e-54	192
ARO:3004554	WP_029391998.1	1.0	152	0	0	1	152	6	157	5.694e-104	326
ARO:3004554	WP_001317507.1	0.9	152	15	0	1	152	6	157	1.131e-90	287
ARO:3004554	WP_063844408.1	0.888	152	17	0	1	152	6	157	3.642e-89	283
ARO:3004569	WP_099982813.1	0.677	538	172	0	21	558	7	538	1.517e-234	726
ARO:3004569	WP_188331886.1	0.666	539	178	0	20	558	6	538	2.585e-230	713
ARO:3004569	WP_078254299.1	0.661	539	180	0	20	558	6	538	3.947e-228	707
ARO:3004572	WP_015585966.1	0.235	406	307	0	17	418	25	430	2.2639999999999997e-29	121
ARO:3004572	WP_100931728.1	0.209	409	318	0	18	420	36	444	1.299e-21	97
ARO:3004572	WP_052413892.1	0.197	393	314	0	27	418	40	432	4.669e-17	82
ARO:3004573	WP_063854500.1	0.286	94	64	0	291	384	78	167	5.631e-05	43
ARO:3004573	WP_011552636.1	0.251	124	81	0	65	188	65	173	1.395e-05	45
ARO:3004573	WP_063855882.1	0.234	134	97	0	287	420	67	194	5.631e-05	43
ARO:3004577	WP_032492277.1	0.33	463	310	0	2	464	17	479	9.993e-70	243
ARO:3004577	WP_064760451.1	0.329	463	310	0	2	464	17	479	3.423e-69	242
ARO:3004577	WP_112021705.1	0.328	463	310	0	2	464	17	479	6.333e-69	241
ARO:3004592	WP_063844496.1	0.953	280	13	0	1	280	1	280	1.181e-183	563
ARO:3004592	WP_063843245.1	0.599	277	111	0	1	277	1	277	9.527e-101	324
ARO:3004592	WP_063854489.1	0.489	295	142	0	1	279	1	295	2.333e-81	268
ARO:3004597	WP_063854500.1	0.288	305	216	0	19	323	31	334	3.046e-32	131
ARO:3004597	WP_015585966.1	0.278	326	233	0	14	337	21	346	1.701e-32	132
ARO:3004597	WP_052413892.1	0.266	400	291	0	17	416	29	426	4.217e-38	149
ARO:3004611	WP_164461295.1	0.276	168	106	0	73	240	68	214	4.029e-13	69
ARO:3004611	WP_064484000.1	0.274	168	106	0	73	240	68	214	7.08e-13	68
ARO:3004611	WP_148044437.1	0.271	168	106	0	73	240	68	214	1.648e-12	67
ARO:3004612	WP_063859888.1	0.212	362	279	0	1	355	2	363	1.739e-19	89
ARO:3004612	WP_164461282.1	0.198	358	276	0	11	355	6	363	1.769e-15	76
ARO:3004612	WP_045261282.1	0.196	358	277	0	11	355	6	363	5.556e-15	75
ARO:3004648	WP_042888870.1	0.887	382	43	0	1	382	1	380	2.099e-231	707
ARO:3004648	WP_099156042.1	0.88	382	45	0	1	382	1	380	3.2429999999999997e-229	700
ARO:3004648	WP_063843234.1	0.821	382	68	0	1	382	1	382	9.502e-211	647
ARO:3004649	WP_111690897.1	0.965	349	12	0	1	349	1	349	1.934e-233	711
ARO:3004649	WP_012116915.1	0.865	349	47	0	1	349	1	349	1.054e-204	628
ARO:3004649	WP_001010505.1	0.755	346	84	0	4	349	6	349	1.334e-171	532
ARO:3004652	WP_053138973.1	0.828	260	44	0	1	260	1	259	2.11e-143	446
ARO:3004652	WP_063844868.1	0.695	258	78	0	1	258	1	257	7.624e-114	361
ARO:3004652	WP_063844815.1	0.507	250	122	0	9	258	33	280	2.399e-71	238
ARO:3004656	WP_011751353.1	0.943	213	12	0	1	213	1	213	1.091e-136	424
ARO:3004656	WP_005826111.1	0.726	213	58	0	1	213	1	213	1.285e-98	314
ARO:3004656	WP_050945244.1	0.486	212	107	0	3	212	2	213	3.2480000000000003e-56	192
ARO:3004657	WP_002210545.1	0.818	214	39	0	1	214	1	214	3.049e-115	362
ARO:3004657	WP_005826111.1	0.552	207	92	0	12	217	7	213	7.66e-66	220
ARO:3004657	WP_011751353.1	0.547	204	92	0	11	213	6	209	6.273e-64	214
ARO:3004658	WP_039139170.1	0.645	215	76	0	1	215	1	215	2.661e-85	276
ARO:3004658	WP_032488880.1	0.645	206	73	0	1	206	1	206	2.4729999999999997e-81	264
ARO:3004658	WP_063843221.1	0.57	216	92	0	1	215	1	216	1.926e-72	239
ARO:3004661	WP_000616116.1	0.823	139	24	0	1	139	1	139	1.152e-73	238
ARO:3004661	WP_032488468.1	0.732	138	37	0	1	138	1	138	7.861e-63	207
ARO:3004661	WP_085562382.1	0.73	138	37	0	1	138	1	138	1.4780000000000001e-62	206
ARO:3004667	WP_004856455.1	0.268	357	256	0	1	351	1	357	1.138e-34	136
ARO:3004667	WP_064190967.1	0.246	337	251	0	18	351	43	379	2.3770000000000002e-26	110
ARO:3004667	WP_032490168.1	0.245	364	269	0	1	357	1	364	8.369999999999999e-29	118
ARO:3004675	WP_034067921.1	0.95	264	13	0	1	264	1	264	3.307e-172	529
ARO:3004675	WP_000572405.1	0.407	235	139	0	30	264	30	264	3.431e-47	168
ARO:3004675	WP_087587933.1	0.395	236	142	0	30	264	32	267	3.706e-45	162
ARO:3004704	WP_063840457.1	0.939	263	16	0	1	263	1	263	4.4469999999999997e-169	520
ARO:3004704	WP_063840441.1	0.929	263	19	0	1	263	1	263	6.897e-167	514
ARO:3004704	WP_032490336.1	0.918	263	21	0	1	263	1	263	2.009e-164	507
ARO:3004715	WP_031795517.1	0.817	522	95	0	1	522	1	522	4.509e-288	878
ARO:3004715	WP_012779620.1	0.58	520	218	0	1	520	1	520	3.072e-185	581
ARO:3004715	WP_063856936.1	0.57	520	223	0	2	520	3	522	7.077e-181	569
ARO:3004809	WP_063860523.1	0.986	252	4	0	1	252	22	273	1.706e-171	526
ARO:3004809	WP_102793805.1	0.986	252	4	0	1	252	22	273	1.706e-171	526
ARO:3004809	WP_078407131.1	0.981	252	5	0	1	252	22	273	1.55e-170	524
ARO:3004810	WP_078724262.1	0.984	252	4	0	1	252	22	273	4.391999999999999e-171	525
ARO:3004810	WP_078675023.1	0.98	252	5	0	1	252	22	273	2.913e-170	523
ARO:3004810	WP_058879139.1	0.977	252	6	0	1	252	22	273	1.409e-169	521
ARO:3004811	WP_078724262.1	0.988	252	3	0	1	252	22	273	4.8320000000000005e-172	528
ARO:3004811	WP_024566153.1	0.987	252	3	0	1	252	22	273	9.079000000000001e-172	527
ARO:3004811	WP_078675023.1	0.984	252	4	0	1	252	22	273	3.2039999999999997e-171	526
ARO:3004812	WP_049037557.1	0.989	252	3	0	1	252	22	273	3.525e-172	528
ARO:3004812	WP_058879139.1	0.983	252	4	0	1	252	22	273	8.252e-171	524
ARO:3004812	WP_024566153.1	0.982	252	5	0	1	252	22	273	1.131e-170	524
ARO:3004813	WP_024566153.1	0.984	252	4	0	1	252	22	273	4.391999999999999e-171	525
ARO:3004813	WP_047034183.1	0.98	252	5	0	1	252	22	273	2.913e-170	523
ARO:3004813	WP_078724262.1	0.977	252	6	0	1	252	22	273	1.028e-169	521
ARO:3004814	WP_034866180.1	0.996	252	1	0	1	252	22	273	1.506e-173	532
ARO:3004814	WP_078678126.1	0.992	252	2	0	1	252	22	273	7.287e-173	530
ARO:3004814	WP_045183849.1	0.99	252	3	0	1	252	22	273	2.572e-172	529
ARO:3005046	WP_000369216.1	0.677	123	39	0	1	123	1	123	7.915e-50	168
ARO:3005046	WP_001284656.1	0.536	121	56	0	1	121	1	121	7.181e-35	125
ARO:3005047	WP_114699278.1	0.249	459	330	0	94	552	83	522	9.408e-39	152
ARO:3005047	WP_053821788.1	0.248	459	330	0	94	552	83	522	2.255e-38	151
ARO:3005047	WP_148044478.1	0.247	459	331	0	94	552	83	522	4.038e-38	150
ARO:3005057	WP_063856444.1	0.921	378	30	0	11	388	1	378	2.347e-239	730
ARO:3005057	WP_094309310.1	0.902	381	37	0	8	388	5	385	2.1779999999999998e-235	719
ARO:3005057	WP_008651082.1	0.889	388	43	0	1	388	1	388	8.466e-236	720
ARO:3005063	WP_063856729.1	0.36	217	138	0	5	221	6	221	2.4e-35	132
ARO:3005063	WP_011029105.1	0.36	217	138	0	5	221	3	218	3.28e-35	131
ARO:3005063	WP_032489743.1	0.345	221	141	0	1	221	1	217	1.8969999999999998e-33	126
ARO:3005064	WP_070064533.1	0.216	186	141	0	186	366	94	279	4.919e-07	49
ARO:3005064	WP_002305818.1	0.191	246	176	0	213	431	132	377	3.72e-07	50
ARO:3005064	WP_003975349.1	0.189	252	181	0	182	405	82	333	3.72e-07	50
ARO:3005067	WP_063856732.1	0.274	209	147	0	204	406	139	347	1.082e-17	84
ARO:3005067	WP_063856749.1	0.261	232	168	0	196	423	128	359	3.454e-18	85
ARO:3005067	WP_063856738.1	0.257	218	159	0	209	423	157	374	4.38e-16	79
ARO:3005068	WP_032489743.1	0.379	219	130	0	8	226	4	214	5.845e-39	143
ARO:3005068	WP_003126775.1	0.374	225	137	0	8	227	4	228	3.13e-39	143
ARO:3005068	WP_063856724.1	0.37	225	138	0	8	227	4	228	1.492e-38	141
ARO:3005079	WP_116743769.1	0.932	306	21	0	1	306	1	305	1.019e-195	599
ARO:3005079	WP_005618523.1	0.932	306	21	0	1	306	1	305	1.019e-195	599
ARO:3005079	WP_103034696.1	0.93	306	21	0	1	306	1	305	2.623e-195	598
ARO:3005091	WP_011116969.1	0.576	35	14	0	138	172	443	477	4.186e-05	42
ARO:3005091	WP_071223303.1	0.285	222	154	0	2	223	18	233	2.197e-22	95
ARO:3005091	WP_049554487.1	0.269	231	167	0	2	232	342	570	1.1570000000000001e-20	90
ARO:3005097	WP_000733283.1	0.702	279	83	0	1	279	1	279	3.6799999999999996e-125	394
ARO:3005097	WP_000733274.1	0.694	279	85	0	1	279	1	279	3.0230000000000003e-123	389
ARO:3005097	WP_087587937.1	0.507	282	139	0	1	282	1	282	2.6389999999999997e-81	268
ARO:3005099	WP_001072197.1	0.802	242	48	0	1	242	1	242	7.282e-128	400
ARO:3005099	WP_011133550.1	0.715	242	69	0	1	242	1	242	1.755e-110	350
ARO:3005099	WP_087587948.1	0.639	242	87	0	1	242	1	242	2.691e-95	306
ARO:3005112	WP_071593228.1	0.942	192	11	0	8	199	228	419	1.8630000000000003e-122	382
ARO:3005112	WP_063839878.1	0.938	196	12	0	4	199	268	463	1.642e-124	388
ARO:3005112	WP_063839875.1	0.933	196	13	0	4	199	268	463	1.09e-123	385
ARO:3005114	WP_063839875.1	0.943	192	11	0	1	192	272	463	9.753000000000001e-123	382
ARO:3005114	WP_071593228.1	0.939	192	12	0	1	192	228	419	4.722e-122	380
ARO:3005114	WP_063839878.1	0.939	192	12	0	1	192	272	463	4.722e-122	380
ARO:3005116	WP_063840320.1	0.981	184	3	0	16	199	1	184	9.912e-123	383
ARO:3005116	WP_063839878.1	0.939	196	12	0	4	199	268	463	1.198e-124	388
ARO:3005116	WP_063839875.1	0.934	196	13	0	4	199	268	463	7.948000000000001e-124	386
